Currency,Contract,Type,Direction,Quantity,Position,Filled Price,Funding,Fee Paid,Cash Flow,Change,Wallet Balance,Action,OrderId,TradeId,Time
USDT,COINA-27MAR26-150-P-USDT,TRADE,BUY,2.50000000000000000000,2.50000000000000000000,2.42000000000000000000,0.00000000000000000000,-0.07500000000000000000,-6.05000000000000000000,-6.12500000000000000000,2628.79907851000000000000,OPEN,389db029-9168-04e5-da38-fdc153873b44,4522b50e-463f-11ba-71d9-b7943bb406f7,2026-03-17 12:00:00.962
COINC,COINCUSDT,TRADE,SELL,-1095.00000000000000000000,0.00000000000000000000,0.35799000000000000000,0.00000000000000000000,0.00000000000000000000,-1095.00000000000000000000,-1095.00000000000000000000,389.49379488000000000000,--,7364440310694882630,2203265229343662479,2026-03-15 08:35:15.202
USDT,COINCUSDT,TRADE,SELL,391.99905000000000000000,0.00000000000000000000,0.35799000000000000000,0.00000000000000000000,-0.39199905000000000000,391.99905000000000000000,391.60705095000000000000,1888.92018423000000000000,--,7364440310694882630,2203265229343662479,2026-03-15 08:35:15.088
COINC,COINCUSDT,TRADE,SELL,-832.00000000000000000000,0.00000000000000000000,0.35261000000000000000,0.00000000000000000000,0.00000000000000000000,-832.00000000000000000000,-832.00000000000000000000,589.32499071000000000000,--,8327420446097391181,2270805965806531504,2026-03-14 18:53:19.671
USDT,COINCUSDT,TRADE,SELL,293.37152000000000000000,0.00000000000000000000,0.35261000000000000000,0.00000000000000000000,-0.29337152000000000000,293.37152000000000000000,293.07814848000000000000,2628.79907851000000000000,--,8327420446097391181,2270805965806531504,2026-03-14 18:53:19.570
COINA,COINAUSDT,TRADE,BUY,1.11300000000000000000,0.00000000000000000000,105.13000000000000000000,0.00000000000000000000,-0.00111300000000000000,1.11300000000000000000,1.11188700000000000000,780.06637716000000000000,--,8304276946365695650,2211236465259339305,2026-03-11 03:18:33.894
USDT,COINAUSDT,TRADE,BUY,-117.00969000000000000000,0.00000000000000000000,105.13000000000000000000,0.00000000000000000000,0.00000000000000000000,-117.00969000000000000000,-117.00969000000000000000,2302.75876073000000000000,--,8304276946365695650,2211236465259339305,2026-03-11 03:18:33.407
COINC,COINCUSDT,TRADE,BUY,1679.00000000000000000000,0.00000000000000000000,0.35588000000000000000,0.00000000000000000000,-1.67900000000000000000,1679.00000000000000000000,1677.32100000000000000000,52.48223185000000000000,--,7702374143382677155,2204695176046045483,2026-02-27 19:52:53.593
USDT,COINCUSDT,TRADE,BUY,-597.52252000000000000000,0.00000000000000000000,0.35588000000000000000,0.00000000000000000000,0.00000000000000000000,-597.52252000000000000000,-597.52252000000000000000,1810.80892747000000000000,--,7702374143382677155,2204695176046045483,2026-02-27 19:52:53.253
USDT,COINA-27MAR26-130-P-USDT,TRADE,BUY,3.50000000000000000000,3.50000000000000000000,4.75000000000000000000,0.00000000000000000000,-0.10500000000000000000,-16.62500000000000000000,-16.73000000000000000000,2628.79907851000000000000,OPEN,671308c2-a755-4ce8-3e4b-324ee8b38155,aeaf60b3-9d20-76e6-b471-2ae1b1efe62d,2026-02-27 12:00:00.476
USDT,COINA-27MAR26-140-C-USDT,TRADE,BUY,4.80000000000000000000,4.80000000000000000000,4.74000000000000000000,0.00000000000000000000,-0.14400000000000000000,-22.75200000000000000000,-22.89600000000000000000,2628.79907851000000000000,OPEN,b74f4502-5fa3-70a1-b85f-3c75fba553c1,3c31e8c0-1e12-e588-efe4-96de8ce39836,2026-02-26 12:00:00.517
COINB,COINBUSDT,TRADE,SELL,-83.40000000000000000000,0.00000000000000000000,2.63160000000000000000,0.00000000000000000000,0.00000000000000000000,-83.40000000000000000000,-83.40000000000000000000,447.56128485000000000000,--,3258353067617888985,2256454129509225881,2026-02-24 07:59:47.452
USDT,COINBUSDT,TRADE,SELL,219.47544000000000000000,0.00000000000000000000,2.63160000000000000000,0.00000000000000000000,-0.21947544000000000000,219.47544000000000000000,219.25596456000000000000,1097.87381244000000000000,--,3258353067617888985,2256454129509225881,2026-02-24 07:59:47.398
USDT,COINAUSDT,TRADE,SELL,14.19900000000000000000,0.00000000000000000000,99.26000000000000000000,0.00000000000000000000,-0.77516601000000000000,-34.50357000000000000000,-35.27873601000000000000,878.61784788000000000000,CLOSE,869bd4f2-5283-3733-a5ff-abbc8754f32a,79f6a82b-5535-d7a6-2040-7ce2134b5dbd,2026-02-23 01:00:00.462
USDT,COINAUSDT,SETTLEMENT,BUY,0.00000000000000000000,14.19900000000000000000,101.69344897000000000000,0.02286519000000000000,0.00000000000000000000,0.00000000000000000000,0.02286519000000000000,914.69072686000000000000,SETTLEMENT,f17e4e00-ad72-b377-42ea-a89e55040fb9,dee20239-5de3-b71a-594d-1293a85f89a5,2026-02-23 00:00:00.710
USDT,COINAUSDT,SETTLEMENT,BUY,0.00000000000000000000,14.19900000000000000000,101.69344897000000000000,0.01587129000000000000,0.00000000000000000000,0.00000000000000000000,0.01587129000000000000,914.66786167000000000000,SETTLEMENT,b241f23d-09ba-f379-d339-33542a8336bf,7b1d5564-d68b-a2a0-f580-16eecc66dceb,2026-02-22 16:00:00.895
USDT,COINAUSDT,TRADE,BUY,14.19900000000000000000,14.19900000000000000000,101.69000000000000000000,0.00000000000000000000,-0.79414297000000000000,0.00000000000000000000,-0.79414297000000000000,913.89658389000000000000,OPEN,cf62ae67-7f37-4df1-2fd6-e033da418a18,1efdb117-19b8-6b35-74dc-cd377dd2f089,2026-02-22 10:00:00.887
USDT,COINAUSDT,TRADE,SELL,18.96200000000000000000,0.00000000000000000000,103.54000000000000000000,0.00000000000000000000,-1.07982901000000000000,13.84226000000000000000,12.76243099000000000000,914.65199038000000000000,CLOSE,11a90abc-913d-fbcb-5c1c-c39d8892a1fd,08da858d-bca9-3421-4073-74a754852422,2026-02-21 12:00:00.148
USDT,COINAUSDT,SETTLEMENT,BUY,0.00000000000000000000,18.96200000000000000000,102.81172140000000000000,-0.20426972000000000000,0.00000000000000000000,0.00000000000000000000,-0.20426972000000000000,902.27945603000000000000,SETTLEMENT,5c5628f4-1921-2651-8bec-bc4952b81463,4186fe20-3119-e709-64bd-0e2d1075195e,2026-02-21 08:00:00.015
USDT,COINAUSDT,SETTLEMENT,BUY,0.00000000000000000000,18.96200000000000000000,102.81172140000000000000,-0.17432084000000000000,0.00000000000000000000,0.00000000000000000000,-0.17432084000000000000,902.48372576000000000000,SETTLEMENT,51befc3e-71de-5036-c722-3b2a0930df9b,b8e9a3a9-736a-eb7c-1c1a-142f067b78f3,2026-02-21 00:00:00.991
USDT,COINAUSDT,SETTLEMENT,BUY,0.00000000000000000000,18.96200000000000000000,102.81172140000000000000,0.05135688000000000000,0.00000000000000000000,0.00000000000000000000,0.05135688000000000000,902.65804659000000000000,SETTLEMENT,b5be7ace-2738-bd36-8761-fa21886448ef,82da9b76-e31b-03a0-e8f2-0034a3455772,2026-02-20 16:00:00.941
USDT,COINAUSDT,SETTLEMENT,BUY,0.00000000000000000000,18.96200000000000000000,102.81172140000000000000,-0.11301406000000000000,0.00000000000000000000,0.00000000000000000000,-0.11301406000000000000,902.60668971000000000000,SETTLEMENT,bd684327-bed6-ed7e-e9c3-c7309524be59,0d997bc4-71c5-bc13-3e89-ccf5e291c0ac,2026-02-20 08:00:00.792
USDT,COINAUSDT,TRADE,BUY,18.96200000000000000000,18.96200000000000000000,102.81000000000000000000,0.00000000000000000000,-0.38989664000000000000,0.00000000000000000000,-0.38989664000000000000,901.88955939000000000000,OPEN,8d1ac5d1-9fa6-749d-bdb8-0f765600475c,f6fe3827-dfef-e042-cab0-50aa5c89f073,2026-02-20 06:00:00.252
USDT,COINBUSDT,TRADE,SELL,591.30000000000000000000,0.00000000000000000000,2.54970000000000000000,0.00000000000000000000,-0.82920069000000000000,-34.59105000000000000000,-35.42025069000000000000,902.71970376000000000000,CLOSE,dca42bf6-1a79-5ebf-a4f0-3768758426c6,84e0ffde-b806-bb9f-98a7-3f7536ff61eb,2026-02-19 08:00:00.806
USDT,COINBUSDT,SETTLEMENT,BUY,0.00000000000000000000,591.30000000000000000000,2.60823093000000000000,-0.02466815000000000000,0.00000000000000000000,0.00000000000000000000,-0.02466815000000000000,938.44840018000000000000,SETTLEMENT,c3870f7a-b992-561a-cd0d-281a071ee0d5,d070dab7-024d-e95c-95e5-3f351436af78,2026-02-19 00:00:00.571
USDT,COINBUSDT,SETTLEMENT,BUY,0.00000000000000000000,591.30000000000000000000,2.60823093000000000000,-0.09868486000000000000,0.00000000000000000000,0.00000000000000000000,-0.09868486000000000000,938.47306833000000000000,SETTLEMENT,e03c397a-e779-a0cc-1486-499b64e33785,bf818a10-c00f-5952-61c3-996edfc34ec8,2026-02-18 16:00:00.291
USDT,COINBUSDT,SETTLEMENT,BUY,0.00000000000000000000,591.30000000000000000000,2.60823093000000000000,-0.08016136000000000000,0.00000000000000000000,0.00000000000000000000,-0.08016136000000000000,938.57175318000000000000,SETTLEMENT,3a8f6d0a-370c-c571-aa7b-f3dbcc1fe6da,de5ac83c-512f-ca99-4ff6-228e3adcd0ac,2026-02-18 08:00:00.713
USDT,COINBUSDT,TRADE,BUY,591.30000000000000000000,591.30000000000000000000,2.60820000000000000000,0.00000000000000000000,-0.30844573000000000000,0.00000000000000000000,-0.30844573000000000000,938.13995445000000000000,OPEN,e8b5f4c5-4d53-8d76-2d35-356375a1e5a6,cff5327f-2aa4-1085-b39e-a1a9a5eabfcb,2026-02-18 05:00:00.590
USDT,COINAUSDT,TRADE,BUY,14.87600000000000000000,0.00000000000000000000,99.21000000000000000000,0.00000000000000000000,-0.81171638000000000000,45.37180000000000000000,44.56008362000000000000,938.65191454000000000000,CLOSE,6f258b8b-baf2-d7ec-6215-90e1cbddd109,516f642a-fed8-5e1f-7452-e58585644453,2026-02-17 12:00:00.047
USDT,COINAUSDT,SETTLEMENT,SELL,0.00000000000000000000,-14.87600000000000000000,102.25559719000000000000,-0.03155573000000000000,0.00000000000000000000,0.00000000000000000000,-0.03155573000000000000,894.92850179000000000000,SETTLEMENT,70121d6b-5add-6b49-1f31-8c456a1ea5ef,39f05a63-fff0-8192-7496-5db7a9409277,2026-02-17 08:00:00.335
USDT,COINAUSDT,SETTLEMENT,SELL,0.00000000000000000000,-14.87600000000000000000,102.25559719000000000000,0.05881513000000000000,0.00000000000000000000,0.00000000000000000000,0.05881513000000000000,894.96005752000000000000,SETTLEMENT,b339add3-7458-a2f4-955b-0fc0ce2d12a2,73cccdbe-4256-80ed-b740-ff680cef6fa7,2026-02-17 00:00:00.132
USDT,COINAUSDT,SETTLEMENT,SELL,0.00000000000000000000,-14.87600000000000000000,102.25559719000000000000,-0.03002080000000000000,0.00000000000000000000,0.00000000000000000000,-0.03002080000000000000,894.90124239000000000000,SETTLEMENT,3a7f49c7-9ef5-c5ee-a0c4-460b1ab2fec9,bc140461-9f20-ab2d-0168-41cd8375af8e,2026-02-16 16:00:00.285
USDT,COINAUSDT,SETTLEMENT,SELL,0.00000000000000000000,-14.87600000000000000000,102.25559719000000000000,0.01655298000000000000,0.00000000000000000000,0.00000000000000000000,0.01655298000000000000,894.93126319000000000000,SETTLEMENT,dc64b23d-9c20-8cfe-2e83-3cf2c118751a,209ec410-ef04-b0d4-014d-d49814f4bde5,2026-02-16 08:00:00.716
COINA,COINAUSDT,TRADE,BUY,0.97200000000000000000,0.00000000000000000000,102.47000000000000000000,0.00000000000000000000,-0.00097200000000000000,0.97200000000000000000,0.97102800000000000000,465.80988499000000000000,--,0701904108228475724,2268672546670851323,2026-02-16 07:58:50.957
USDT,COINAUSDT,TRADE,BUY,-99.60084000000000000000,0.00000000000000000000,102.47000000000000000000,0.00000000000000000000,0.00000000000000000000,-99.60084000000000000000,-99.60084000000000000000,1374.32144423000000000000,--,0701904108228475724,2268672546670851323,2026-02-16 07:58:50.269
USDT,COINAUSDT,TRADE,SELL,14.87600000000000000000,-14.87600000000000000000,102.26000000000000000000,0.00000000000000000000,-0.83667087000000000000,0.00000000000000000000,-0.83667087000000000000,894.09183092000000000000,OPEN,15358181-c226-63ba-9a5e-834c19141366,0132210a-5c42-47fe-afaf-4412e1b34ec7,2026-02-16 04:00:00.196
USDT,COINAUSDT,TRADE,BUY,4.83900000000000000000,0.00000000000000000000,101.65000000000000000000,0.00000000000000000000,-0.09837687000000000000,-5.12934000000000000000,-5.22771687000000000000,894.91471021000000000000,CLOSE,6be8b962-27e0-f8f0-c139-ec727e47ad9e,55d9f820-0c7a-3e05-efde-02e6f13aff1d,2026-02-15 14:00:00.449
USDT,COINAUSDT,SETTLEMENT,SELL,0.00000000000000000000,-4.83900000000000000000,100.59426608000000000000,0.00004463000000000000,0.00000000000000000000,0.00000000000000000000,0.00004463000000000000,900.41014233000000000000,SETTLEMENT,9686e641-c075-9875-8068-21c44c4b2f9b,368e455b-0c79-7f4b-b7f4-15af6f1f0bf3,2026-02-15 08:00:00.693
USDT,COINAUSDT,SETTLEMENT,SELL,0.00000000000000000000,-4.83900000000000000000,100.59426608000000000000,-0.01049837000000000000,0.00000000000000000000,0.00000000000000000000,-0.01049837000000000000,900.41009770000000000000,SETTLEMENT,5d42e750-34a1-0111-6955-fb4ae9eae60b,085a70db-270b-8e9c-6296-d41911dd83e5,2026-02-15 00:00:00.429
USDT,COINAUSDT,TRADE,SELL,4.83900000000000000000,-4.83900000000000000000,100.59000000000000000000,0.00000000000000000000,-0.26771526000000000000,0.00000000000000000000,-0.26771526000000000000,900.14242708000000000000,OPEN,2ec763f1-8ef1-09b7-85d7-495f1b5067ad,be80aaa3-5447-44e3-d811-80e5c0eee339,2026-02-14 17:00:00.157
USDT,COINCUSDT,TRADE,BUY,2268.00000000000000000000,0.00000000000000000000,0.35772000000000000000,0.00000000000000000000,-0.44621993000000000000,21.09240000000000000000,20.64618007000000000000,900.42059607000000000000,CLOSE,65248f3a-eb6f-22f1-835d-b0a52a97d41e,ea742087-dde5-1c35-68e3-cee1b3cc711d,2026-02-13 12:00:00.565
USDT,COINCUSDT,SETTLEMENT,SELL,0.00000000000000000000,-2268.00000000000000000000,0.36701620000000000000,0.04082720000000000000,0.00000000000000000000,0.00000000000000000000,0.04082720000000000000,880.23223675000000000000,SETTLEMENT,6686a2ac-dede-9b4b-2aa2-a622766a2520,0babf00a-73dc-d677-e228-6d83bdc1371a,2026-02-13 08:00:00.259
USDT,COINCUSDT,SETTLEMENT,SELL,0.00000000000000000000,-2268.00000000000000000000,0.36701620000000000000,0.00547825000000000000,0.00000000000000000000,0.00000000000000000000,0.00547825000000000000,880.19140955000000000000,SETTLEMENT,952c3ed6-aa03-c781-1643-94b50148bc7c,865030ab-97dc-1654-3c0f-1b60af4b037b,2026-02-13 00:00:00.423
USDT,COINCUSDT,SETTLEMENT,SELL,0.00000000000000000000,-2268.00000000000000000000,0.36701620000000000000,0.02722691000000000000,0.00000000000000000000,0.00000000000000000000,0.02722691000000000000,880.18593130000000000000,SETTLEMENT,da3450c6-db04-b459-0a94-b34fa07e31e2,0f19e0ee-622f-8537-f4f2-5af30bd10ce2,2026-02-12 16:00:00.637
USDT,COINCUSDT,TRADE,SELL,2268.00000000000000000000,-2268.00000000000000000000,0.36702000000000000000,0.00000000000000000000,-0.45782075000000000000,0.00000000000000000000,-0.45782075000000000000,879.77441600000000000000,OPEN,bcf3b53e-c891-1895-0dac-2dc3ebc87426,786a74a6-f826-7692-7bb5-fa49b4b0da9f,2026-02-12 12:00:00.727
COINC,COINCUSDT,TRADE,SELL,-424.00000000000000000000,0.00000000000000000000,0.35241000000000000000,0.00000000000000000000,0.00000000000000000000,-424.00000000000000000000,-424.00000000000000000000,258.95015406000000000000,--,3334490084574182553,2278554455656394517,2026-02-12 07:02:18.449
USDT,COINCUSDT,TRADE,SELL,149.42184000000000000000,0.00000000000000000000,0.35241000000000000000,0.00000000000000000000,-0.14942184000000000000,149.42184000000000000000,149.27241816000000000000,2335.72093003000000000000,--,3334490084574182553,2278554455656394517,2026-02-12 07:02:18.331
USDT,COINAUSDT,TRADE,BUY,4.28200000000000000000,0.00000000000000000000,103.34000000000000000000,0.00000000000000000000,-0.24337603000000000000,-13.87368000000000000000,-14.11705603000000000000,880.15870440000000000000,CLOSE,c3ec181c-caa7-3bf9-2389-c277ad1b1713,9397199e-ca6c-0346-a71f-ce09b149b597,2026-02-12 02:00:00.414
USDT,COINAUSDT,SETTLEMENT,SELL,0.00000000000000000000,-4.28200000000000000000,100.10282842000000000000,0.04902202000000000000,0.00000000000000000000,0.00000000000000000000,0.04902202000000000000,894.36148607000000000000,SETTLEMENT,006fff74-abff-8d47-8f53-ed3839055862,34a85ceb-515b-57a9-3b29-3005e93b1c2c,2026-02-12 00:00:00.416
COINB,COINBUSDT,TRADE,SELL,-223.40000000000000000000,0.00000000000000000000,2.59300000000000000000,0.00000000000000000000,0.00000000000000000000,-223.40000000000000000000,-223.40000000000000000000,557.67523949000000000000,--,3835539163642748052,2219731858377853697,2026-02-11 23:31:22.929
USDT,COINBUSDT,TRADE,SELL,579.27620000000000000000,0.00000000000000000000,2.59300000000000000000,0.00000000000000000000,-0.57927620000000000000,579.27620000000000000000,578.69692380000000000000,1953.01836803000000000000,--,3835539163642748052,2219731858377853697,2026-02-11 23:31:22.571
USDT,,INTEREST,--,0.00000000000000000000,0.00000000000000000000,0.00000000000000000000,0.00000000000000000000,0.00000000000000000000,-0.00357590000000000000,-0.00357590000000000000,-40.00000000000000000000,--,,,2026-02-11 23:05:00.839
USDT,,INTEREST,--,0.00000000000000000000,0.00000000000000000000,0.00000000000000000000,0.00000000000000000000,0.00000000000000000000,-0.00348129000000000000,-0.00348129000000000000,-40.00000000000000000000,--,,,2026-02-11 22:05:00.171
USDT,,INTEREST,--,0.00000000000000000000,0.00000000000000000000,0.00000000000000000000,0.00000000000000000000,0.00000000000000000000,-0.00165450000000000000,-0.00165450000000000000,-40.00000000000000000000,--,,,2026-02-11 21:05:00.125
USDT,,INTEREST,--,0.00000000000000000000,0.00000000000000000000,0.00000000000000000000,0.00000000000000000000,0.00000000000000000000,-0.00311060000000000000,-0.00311060000000000000,-40.00000000000000000000,--,,,2026-02-11 20:05:00.035
USDT,,INTEREST,--,0.00000000000000000000,0.00000000000000000000,0.00000000000000000000,0.00000000000000000000,0.00000000000000000000,-0.00244037000000000000,-0.00244037000000000000,-40.00000000000000000000,--,,,2026-02-11 19:05:00.453
USDT,,INTEREST,--,0.00000000000000000000,0.00000000000000000000,0.00000000000000000000,0.00000000000000000000,0.00000000000000000000,-0.00230424000000000000,-0.00230424000000000000,-40.00000000000000000000,--,,,2026-02-11 18:05:00.249
USDT,,INTEREST,--,0.00000000000000000000,0.00000000000000000000,0.00000000000000000000,0.00000000000000000000,0.00000000000000000000,-0.00140501000000000000,-0.00140501000000000000,-40.00000000000000000000,--,,,2026-02-11 17:05:00.604
USDT,,INTEREST,--,0.00000000000000000000,0.00000000000000000000,0.00000000000000000000,0.00000000000000000000,0.00000000000000000000,-0.00133464000000000000,-0.00133464000000000000,-40.00000000000000000000,--,,,2026-02-11 16:05:00.465
USDT,COINAUSDT,SETTLEMENT,SELL,0.00000000000000000000,-4.28200000000000000000,100.10282842000000000000,-0.01035307000000000000,0.00000000000000000000,0.00000000000000000000,-0.01035307000000000000,894.31246405000000000000,SETTLEMENT,73e54ee2-c9f9-7f9a-4154-30548541790b,81e5ed8d-cfee-7c68-b790-068f865b9cb3,2026-02-11 16:00:00.582
USDT,,INTEREST,--,0.00000000000000000000,0.00000000000000000000,0.00000000000000000000,0.00000000000000000000,0.00000000000000000000,-0.00300481000000000000,-0.00300481000000000000,-40.00000000000000000000,--,,,2026-02-11 15:05:00.113
USDT,,INTEREST,--,0.00000000000000000000,0.00000000000000000000,0.00000000000000000000,0.00000000000000000000,0.00000000000000000000,-0.00210725000000000000,-0.00210725000000000000,-40.00000000000000000000,--,,,2026-02-11 14:05:00.943
USDT,,INTEREST,--,0.00000000000000000000,0.00000000000000000000,0.00000000000000000000,0.00000000000000000000,0.00000000000000000000,-0.00333324000000000000,-0.00333324000000000000,-40.00000000000000000000,--,,,2026-02-11 13:05:00.148
USDT,,INTEREST,--,0.00000000000000000000,0.00000000000000000000,0.00000000000000000000,0.00000000000000000000,0.00000000000000000000,-0.00203636000000000000,-0.00203636000000000000,-40.00000000000000000000,--,,,2026-02-11 12:05:00.717
USDT,,INTEREST,--,0.00000000000000000000,0.00000000000000000000,0.00000000000000000000,0.00000000000000000000,0.00000000000000000000,-0.00377505000000000000,-0.00377505000000000000,-40.00000000000000000000,--,,,2026-02-11 11:05:00.803
USDT,,INTEREST,--,0.00000000000000000000,0.00000000000000000000,0.00000000000000000000,0.00000000000000000000,0.00000000000000000000,-0.00284481000000000000,-0.00284481000000000000,-40.00000000000000000000,--,,,2026-02-11 10:05:00.011
USDT,,INTEREST,--,0.00000000000000000000,0.00000000000000000000,0.00000000000000000000,0.00000000000000000000,0.00000000000000000000,-0.00363111000000000000,-0.00363111000000000000,-40.00000000000000000000,--,,,2026-02-11 09:05:00.323
USDT,,INTEREST,--,0.00000000000000000000,0.00000000000000000000,0.00000000000000000000,0.00000000000000000000,0.00000000000000000000,-0.00250622000000000000,-0.00250622000000000000,-40.00000000000000000000,--,,,2026-02-11 08:05:00.161
USDT,COINAUSDT,SETTLEMENT,SELL,0.00000000000000000000,-4.28200000000000000000,100.10282842000000000000,0.01279842000000000000,0.00000000000000000000,0.00000000000000000000,0.01279842000000000000,894.32281712000000000000,SETTLEMENT,0c5f1a2a-4492-47ea-0bba-f138f5c27079,f7bf5bd0-d823-e39d-b605-3349a833a9fb,2026-02-11 08:00:00.718
USDT,,INTEREST,--,0.00000000000000000000,0.00000000000000000000,0.00000000000000000000,0.00000000000000000000,0.00000000000000000000,-0.00218281000000000000,-0.00218281000000000000,-40.00000000000000000000,--,,,2026-02-11 07:05:00.293
USDT,,INTEREST,--,0.00000000000000000000,0.00000000000000000000,0.00000000000000000000,0.00000000000000000000,0.00000000000000000000,-0.00304863000000000000,-0.00304863000000000000,-40.00000000000000000000,--,,,2026-02-11 06:05:00.831
USDT,,INTEREST,--,0.00000000000000000000,0.00000000000000000000,0.00000000000000000000,0.00000000000000000000,0.00000000000000000000,-0.00316450000000000000,-0.00316450000000000000,-40.00000000000000000000,--,,,2026-02-11 05:05:00.330
USDT,,INTEREST,--,0.00000000000000000000,0.00000000000000000000,0.00000000000000000000,0.00000000000000000000,0.00000000000000000000,-0.00243812000000000000,-0.00243812000000000000,-40.00000000000000000000,--,,,2026-02-11 04:05:00.809
USDT,,INTEREST,--,0.00000000000000000000,0.00000000000000000000,0.00000000000000000000,0.00000000000000000000,0.00000000000000000000,-0.00111307000000000000,-0.00111307000000000000,-40.00000000000000000000,--,,,2026-02-11 03:05:00.301
USDT,,INTEREST,--,0.00000000000000000000,0.00000000000000000000,0.00000000000000000000,0.00000000000000000000,0.00000000000000000000,-0.00326133000000000000,-0.00326133000000000000,-40.00000000000000000000,--,,,2026-02-11 02:05:00.155
USDT,,INTEREST,--,0.00000000000000000000,0.00000000000000000000,0.00000000000000000000,0.00000000000000000000,0.00000000000000000000,-0.00256308000000000000,-0.00256308000000000000,-40.00000000000000000000,--,,,2026-02-11 01:05:00.600
USDT,,INTEREST,--,0.00000000000000000000,0.00000000000000000000,0.00000000000000000000,0.00000000000000000000,0.00000000000000000000,-0.00342551000000000000,-0.00342551000000000000,-40.00000000000000000000,--,,,2026-02-11 00:05:00.997
USDT,COINAUSDT,SETTLEMENT,SELL,0.00000000000000000000,-4.28200000000000000000,100.10282842000000000000,0.03028951000000000000,0.00000000000000000000,0.00000000000000000000,0.03028951000000000000,894.31001869000000000000,SETTLEMENT,cbee53b8-de85-35b0-967f-218f133b76d2,b73264cd-7831-2033-5105-51e55457b190,2026-02-11 00:00:00.700
USDT,COINAUSDT,TRADE,SELL,4.28200000000000000000,-4.28200000000000000000,100.10000000000000000000,0.00000000000000000000,-0.08572564000000000000,0.00000000000000000000,-0.08572564000000000000,894.27576043000000000000,OPEN,4e41c22b-bf75-e1d9-282a-d028db103022,88f69c71-a88f-703f-3777-248bbad8843d,2026-02-10 23:00:00.733
COINB,,CURRENCY_SELL,--,180.00000000000000000000,0.00000000000000000000,0.38846412000000000000,0.00000000000000000000,-3.60000000000000000000,-176.40000000000000000000,-180.00000000000000000000,0.00000000000000000000,--,a7950b71-f53c-a68a-87b2-1a64387d78df,a7950b71-f53c-a68a-87b2-1a64387d78df,2026-02-10 01:00:00.185
USDT,,CURRENCY_BUY,--,454.09599712000000000000,0.00000000000000000000,0.38846412000000000000,0.00000000000000000000,0.00000000000000000000,454.09599712000000000000,454.09599712000000000000,2628.79907851000000000000,--,a7950b71-f53c-a68a-87b2-1a64387d78df,a7950b71-f53c-a68a-87b2-1a64387d78df,2026-02-10 01:00:00.525
USDT,COINAUSDT,TRADE,SELL,5.95200000000000000000,0.00000000000000000000,98.05000000000000000000,0.00000000000000000000,-0.32097648000000000000,0.77376000000000000000,0.45278352000000000000,894.27972918000000000000,CLOSE,c99c366f-5468-0de7-b28e-27c5ba717eaa,e69a706b-2ca2-4522-387a-84a3f9a28557,2026-02-09 23:00:00.928
USDT,COINAUSDT,SETTLEMENT,BUY,0.00000000000000000000,5.95200000000000000000,97.91523302000000000000,-0.02356601000000000000,0.00000000000000000000,0.00000000000000000000,-0.02356601000000000000,894.14749657000000000000,SETTLEMENT,a3edf631-227e-2f38-7880-a48a7546ae7d,dd63d646-aebd-d483-26a3-c39d84d9b4af,2026-02-09 16:00:00.796
USDT,COINA-27MAR26-120-C-USDT,TRADE,BUY,4.00000000000000000000,4.00000000000000000000,1.86000000000000000000,0.00000000000000000000,-0.12000000000000000000,-7.44000000000000000000,-7.56000000000000000000,2628.79907851000000000000,OPEN,3c976b5e-b3f3-06dc-fa1c-b3b1f648894b,9c4f253d-3952-a5e8-219a-51af2e9c1bb3,2026-02-09 12:00:00.590
USDT,COINAUSDT,TRADE,BUY,5.95200000000000000000,5.95200000000000000000,97.92000000000000000000,0.00000000000000000000,-0.32055091000000000000,0.00000000000000000000,-0.32055091000000000000,893.82694566000000000000,OPEN,6f3ca3fa-bc89-7f7a-c558-0e81239a9bce,f5dadc34-7b71-8e65-d92a-9d42042ffd92,2026-02-09 11:00:00.046
USDT,COINCUSDT,TRADE,SELL,2671.00000000000000000000,0.00000000000000000000,0.37319000000000000000,0.00000000000000000000,-0.54823477000000000000,14.12959000000000000000,13.58135523000000000000,894.17106259000000000000,CLOSE,681e15ae-9c21-a0be-eef3-8882da35bda6,52d86962-8856-f2f0-7e82-27cdb8e54921,2026-02-08 23:00:00.227
USDT,COINCUSDT,TRADE,BUY,2671.00000000000000000000,2671.00000000000000000000,0.36790000000000000000,0.00000000000000000000,-0.54046350000000000000,0.00000000000000000000,-0.54046350000000000000,880.58970736000000000000,OPEN,600a316a-d64d-f087-e86e-d44b67ef9e82,130d938b-a3be-f38c-c9c5-86091a265c9c,2026-02-08 21:00:00.390
USDT,COINAUSDT,LIQUIDATION,SELL,8.84200000000000000000,0.00000000000000000000,89.01000000000000000000,0.00000000000000000000,-0.43286453000000000000,-77.80960000000000000000,-78.24246453000000000000,881.13017085000000000000,CLOSE,04c8629a-e23f-69f3-9235-b80a8477e7e7,6b7b7738-e05d-f134-72bc-9abbd0fdd15c,2026-02-07 17:00:00.771
USDT,COINAUSDT,SETTLEMENT,BUY,0.00000000000000000000,8.84200000000000000000,97.81159639000000000000,0.02943128000000000000,0.00000000000000000000,0.00000000000000000000,0.02943128000000000000,959.84829519000000000000,SETTLEMENT,e42310d4-f0c9-5da0-c941-f0ed67455ecc,ac4e10ab-b6b0-52a4-5581-07a1aeec4c1b,2026-02-07 16:00:00.342
USDT,COINAUSDT,SETTLEMENT,BUY,0.00000000000000000000,8.84200000000000000000,97.81159639000000000000,0.00486349000000000000,0.00000000000000000000,0.00000000000000000000,0.00486349000000000000,959.81886392000000000000,SETTLEMENT,47eba7a1-65eb-bc18-9cbf-e4cf3f5d8af4,5ad70c88-667e-56f2-aff8-6b320a07f914,2026-02-07 08:00:00.009
USDT,COINAUSDT,TRADE,BUY,8.84200000000000000000,8.84200000000000000000,97.81000000000000000000,0.00000000000000000000,-0.47565981000000000000,0.00000000000000000000,-0.47565981000000000000,959.37263538000000000000,OPEN,b0886fa9-77f9-23f0-9653-2b3f6083f156,7076f6f0-44a0-4ffa-a9f0-36e2190a3a85,2026-02-07 04:00:00.199
USDT,COINAUSDT,TRADE,BUY,14.62100000000000000000,0.00000000000000000000,94.58000000000000000000,0.00000000000000000000,-0.76056980000000000000,31.87378000000000000000,31.11321020000000000000,959.81400043000000000000,CLOSE,4e86ccf2-251d-5d3d-49d4-2d08a69ef8d3,28bcef76-4738-7fe7-69ca-3028066ae315,2026-02-06 11:00:00.085
USDT,COINAUSDT,SETTLEMENT,SELL,0.00000000000000000000,-14.62100000000000000000,96.76412159000000000000,0.07575230000000000000,0.00000000000000000000,0.00000000000000000000,0.07575230000000000000,929.47889060000000000000,SETTLEMENT,f6ad07ac-73fd-37e0-3edd-7d46d12383e9,e32d2f26-0196-b6cb-ddbd-05ae0023b188,2026-02-06 08:00:00.876
USDT,COINAUSDT,TRADE,SELL,14.62100000000000000000,-14.62100000000000000000,96.76000000000000000000,0.00000000000000000000,-0.77810038000000000000,0.00000000000000000000,-0.77810038000000000000,928.70079022000000000000,OPEN,a952862a-9e2c-f1de-becd-477efaa03c15,7a85b405-7122-fc71-60f7-095e30ccaa41,2026-02-06 06:00:00.996
USDT,COINCUSDT,TRADE,BUY,6359.00000000000000000000,0.00000000000000000000,0.37615000000000000000,0.00000000000000000000,-1.31556582000000000000,-11.19184000000000000000,-12.50740582000000000000,929.40313830000000000000,CLOSE,e050a800-97e5-082e-d610-1325f2b11a29,cdc292c2-04bd-abf4-9b48-233e488b4a6f,2026-02-05 06:00:00.249
USDT,COINCUSDT,SETTLEMENT,SELL,0.00000000000000000000,-6359.00000000000000000000,0.37438655000000000000,0.03351061000000000000,0.00000000000000000000,0.00000000000000000000,0.03351061000000000000,943.21995442000000000000,SETTLEMENT,2a80bfde-c561-c479-4a9c-692dc6c498ae,aabeb2d3-5857-d08d-cd60-82aa1cc5462e,2026-02-05 00:00:00.673
USDT,COINCUSDT,TRADE,SELL,6359.00000000000000000000,-6359.00000000000000000000,0.37439000000000000000,0.00000000000000000000,-1.30941031000000000000,0.00000000000000000000,-1.30941031000000000000,941.91054412000000000000,OPEN,63bdb5f3-2a9b-04d4-088e-eee811a97ecd,ddd70423-a640-9d66-f760-c2bd5c4e8d6c,2026-02-04 23:00:00.698
USDT,COINCUSDT,TRADE,SELL,4450.00000000000000000000,0.00000000000000000000,0.37213000000000000000,0.00000000000000000000,-0.91078818000000000000,-31.55050000000000000000,-32.46128817000000000000,943.18644381000000000000,CLOSE,7e0f873f-a889-8796-c18a-0b352eae2303,a33ebcaa-1c0f-b857-b9dd-69facf349054,2026-02-04 12:00:00.310
USDT,COINCUSDT,SETTLEMENT,BUY,0.00000000000000000000,4450.00000000000000000000,0.37921556000000000000,-0.04110181000000000000,0.00000000000000000000,0.00000000000000000000,-0.04110181000000000000,976.57587294000000000000,SETTLEMENT,a3597f8c-d3aa-c8b5-6c8f-c265958420ca,2a09fda8-ace3-7592-521f-e80962413ef3,2026-02-04 08:00:00.864
USDT,COINCUSDT,TRADE,BUY,4450.00000000000000000000,4450.00000000000000000000,0.37922000000000000000,0.00000000000000000000,-0.92814095000000000000,0.00000000000000000000,-0.92814095000000000000,975.64773199000000000000,OPEN,01b5bc0c-8ede-d46b-2496-4172ca7dd2cb,35c23bad-66cc-aeff-21f7-8fa69739c007,2026-02-04 07:00:00.244
USDT,COINAUSDT,TRADE,SELL,12.82200000000000000000,0.00000000000000000000,97.22000000000000000000,0.00000000000000000000,-0.68560516000000000000,-27.05442000000000000000,-27.74002516000000000000,976.61697474000000000000,CLOSE,e28854d4-3322-ea96-2eae-4f56ce1034bf,9b9fbe3a-90e1-abe3-4ffa-689781990713,2026-02-04 03:00:00.681
USDT,COINAUSDT,SETTLEMENT,BUY,0.00000000000000000000,12.82200000000000000000,99.33206143000000000000,0.05068917000000000000,0.00000000000000000000,0.00000000000000000000,0.05068917000000000000,1005.05748500000000000000,SETTLEMENT,4bb0b69f-f894-5b9d-5fcf-21aa56d6e9d9,ee7c5fc9-a133-c9a9-0468-0bf7a4f322b3,2026-02-04 00:00:00.982
USDT,COINAUSDT,SETTLEMENT,BUY,0.00000000000000000000,12.82200000000000000000,99.33206143000000000000,0.00759046000000000000,0.00000000000000000000,0.00000000000000000000,0.00759046000000000000,1005.00679583000000000000,SETTLEMENT,a40b8af9-5767-4a48-1030-361b0f5d86b8,6fadc059-fedd-f226-33e2-9f1b9c84df0b,2026-02-03 16:00:00.305
USDT,COINAUSDT,SETTLEMENT,BUY,0.00000000000000000000,12.82200000000000000000,99.33206143000000000000,0.03868512000000000000,0.00000000000000000000,0.00000000000000000000,0.03868512000000000000,1004.99920537000000000000,SETTLEMENT,65928055-995a-53ab-9d29-6f6317ed9bdd,c7b85a06-044d-3947-e78d-802c3a428a67,2026-02-03 08:00:00.595
USDT,COINAUSDT,TRADE,BUY,12.82200000000000000000,12.82200000000000000000,99.33000000000000000000,0.00000000000000000000,-0.70048509000000000000,0.00000000000000000000,-0.70048509000000000000,1004.35699991000000000000,OPEN,643cf843-93f4-20ae-4490-bcff6d366938,caf6b750-1aac-1a10-a191-99c6ec6750a1,2026-02-03 01:00:00.106
USDT,COINAUSDT,TRADE,SELL,19.12000000000000000000,0.00000000000000000000,98.34000000000000000000,0.00000000000000000000,-0.37605216000000000000,15.67840000000000000000,15.30234784000000000000,1004.96052026000000000000,CLOSE,d5a94b5e-3b13-655e-74f5-e38bc0136715,055db549-d34d-0a6b-86f5-9d353772a701,2026-02-02 13:00:00.112
USDT,COINAUSDT,SETTLEMENT,BUY,0.00000000000000000000,19.12000000000000000000,97.52121585000000000000,-0.02747023000000000000,0.00000000000000000000,0.00000000000000000000,-0.02747023000000000000,990.68369274000000000000,SETTLEMENT,4b5c20ae-6765-7337-3cca-138fd24f455e,15ae73ff-3fb4-f8a7-f445-122b130a91a1,2026-02-02 08:00:00.684
USDT,COINAUSDT,SETTLEMENT,BUY,0.00000000000000000000,19.12000000000000000000,97.52121585000000000000,0.07423568000000000000,0.00000000000000000000,0.00000000000000000000,0.07423568000000000000,990.71116297000000000000,SETTLEMENT,3ebc0e84-1d12-47f9-3b24-cae620add479,4e3d0a54-69b9-a54c-19ec-ef570c488d96,2026-02-02 00:00:00.994
USDT,COINAUSDT,SETTLEMENT,BUY,0.00000000000000000000,19.12000000000000000000,97.52121585000000000000,-0.09947763000000000000,0.00000000000000000000,0.00000000000000000000,-0.09947763000000000000,990.63692728000000000000,SETTLEMENT,f4b3f65f-00b4-57c0-be40-dd288fb95c4c,762c3c46-8a80-6d47-b556-c6b4e16018bb,2026-02-01 16:00:00.986
USDT,COINAUSDT,SETTLEMENT,BUY,0.00000000000000000000,19.12000000000000000000,97.52121585000000000000,-0.03615732000000000000,0.00000000000000000000,0.00000000000000000000,-0.03615732000000000000,990.73640491000000000000,SETTLEMENT,fccff703-64b0-e455-4206-367b9ef1e5ec,79e6956b-483a-e4a3-ec0a-7536e01394df,2026-02-01 08:00:00.459
USDT,COINAUSDT,TRADE,BUY,19.12000000000000000000,19.12000000000000000000,97.52000000000000000000,0.00000000000000000000,-1.02552032000000000000,0.00000000000000000000,-1.02552032000000000000,989.65817242000000000000,OPEN,27f4dc14-14fc-9cd0-28eb-011958da5654,33bc1b69-3b2c-f651-af0a-cf3d5a6e2c07,2026-02-01 05:00:00.599
USDT,COINAUSDT,TRADE,SELL,12.89400000000000000000,0.00000000000000000000,93.18000000000000000000,0.00000000000000000000,-0.66080461000000000000,-31.71924000000000000000,-32.38004461000000000000,990.77256224000000000000,CLOSE,ee90f888-5f1a-d898-b979-a4ae92575db9,30342fbc-13d9-e21d-fb8f-f1c94a2fe89f,2026-01-31 11:00:00.773
USDT,COINAUSDT,SETTLEMENT,BUY,0.00000000000000000000,12.89400000000000000000,95.63839510000000000000,-0.09837889000000000000,0.00000000000000000000,0.00000000000000000000,-0.09837889000000000000,1023.83085703000000000000,SETTLEMENT,688738fc-39c5-c497-2150-60b2ef0a2ac1,76ca5000-e960-7143-b2c2-036a522db02b,2026-01-31 08:00:00.798
USDT,COINAUSDT,SETTLEMENT,BUY,0.00000000000000000000,12.89400000000000000000,95.63839510000000000000,0.03012401000000000000,0.00000000000000000000,0.00000000000000000000,0.03012401000000000000,1023.92923592000000000000,SETTLEMENT,ba1161cc-de0c-7f5b-deba-ad2285d0eaf6,831aa034-f915-6bc0-4681-d2010dc59c7b,2026-01-31 00:00:00.687
USDT,COINAUSDT,SETTLEMENT,BUY,0.00000000000000000000,12.89400000000000000000,95.63839510000000000000,-0.06202062000000000000,0.00000000000000000000,0.00000000000000000000,-0.06202062000000000000,1023.89911191000000000000,SETTLEMENT,139b812c-6ff8-0611-d0e2-00c886c03c8d,21cca754-9b93-f7da-4c6a-c33c3c679729,2026-01-30 16:00:00.297
USDT,COINAUSDT,TRADE,BUY,12.89400000000000000000,12.89400000000000000000,95.64000000000000000000,0.00000000000000000000,-0.67825019000000000000,0.00000000000000000000,-0.67825019000000000000,1023.15260684000000000000,OPEN,8af1d18c-0bb0-68b9-b90f-30aea8bf61ec,b5b157d2-d4a7-d734-ab3e-9c517acd7c7a,2026-01-30 10:00:00.502
USDT,COINCUSDT,TRADE,SELL,5314.00000000000000000000,0.00000000000000000000,0.36972000000000000000,0.00000000000000000000,-1.08058064000000000000,-45.64726000000000000000,-46.72784064000000000000,1023.96113253000000000000,CLOSE,83248f30-457e-4b82-40c7-e82ec8a4448b,aac70f21-f1c3-ccc9-c020-ee63da86a670,2026-01-29 15:00:00.544
USDT,COINCUSDT,SETTLEMENT,BUY,0.00000000000000000000,5314.00000000000000000000,0.37830902000000000000,-0.05507239000000000000,0.00000000000000000000,0.00000000000000000000,-0.05507239000000000000,1071.09104104000000000000,SETTLEMENT,2fecd351-5b36-ea62-ee58-f199124f3c3c,ab78fbc6-f68a-f5b3-c5b0-aac75f7267d4,2026-01-29 08:00:00.402
USDT,COINCUSDT,TRADE,BUY,5314.00000000000000000000,5314.00000000000000000000,0.37831000000000000000,0.00000000000000000000,-0.40206787000000000000,0.00000000000000000000,-0.40206787000000000000,1070.68897317000000000000,OPEN,1bc850f8-052c-72c0-d3a8-485dc0582a9f,b39a19fc-1e7f-250f-b2a7-eacd0e131176,2026-01-29 03:00:00.004
USDT,COINAUSDT,TRADE,BUY,26.97200000000000000000,0.00000000000000000000,98.91000000000000000000,0.00000000000000000000,-1.46729029000000000000,-74.44272000000000000000,-75.91001029000000000000,1071.14611343000000000000,CLOSE,bff912d5-95a0-a7ee-3c2b-1ac2e6c99b2b,5f7bdc77-eb77-0ab6-c3c1-c38d9eb7235c,2026-01-28 23:00:00.916
USDT,COINAUSDT,SETTLEMENT,SELL,0.00000000000000000000,-26.97200000000000000000,96.14921333000000000000,0.22547084000000000000,0.00000000000000000000,0.00000000000000000000,0.22547084000000000000,1148.48247050000000000000,SETTLEMENT,861061e3-1c42-85d4-2ecb-4d6dee56ef17,0005eaaa-c215-d8ec-ac3c-40ce2cb59c28,2026-01-28 16:00:00.795
COINA,COINAUSDT,TRADE,SELL,-1.79800000000000000000,0.00000000000000000000,106.37000000000000000000,0.00000000000000000000,0.00000000000000000000,-1.79800000000000000000,-1.79800000000000000000,344.00586854000000000000,--,0586191710458498956,2298885892441361429,2026-01-28 08:14:44.778
USDT,COINAUSDT,TRADE,SELL,191.25326000000000000000,0.00000000000000000000,106.37000000000000000000,0.00000000000000000000,-0.19125326000000000000,191.25326000000000000000,191.06200674000000000000,2493.82076747000000000000,--,0586191710458498956,2298885892441361429,2026-01-28 08:14:44.982
USDT,COINAUSDT,SETTLEMENT,SELL,0.00000000000000000000,-26.97200000000000000000,96.14921333000000000000,0.02038961000000000000,0.00000000000000000000,0.00000000000000000000,0.02038961000000000000,1148.25699966000000000000,SETTLEMENT,2e573daf-f742-8bb0-1859-be7f2d132202,b64b0abd-e195-325c-8d2b-95541aab46f9,2026-01-28 08:00:00.919
USDT,COINAUSDT,TRADE,SELL,26.97200000000000000000,-26.97200000000000000000,96.15000000000000000000,0.00000000000000000000,-1.42634679000000000000,0.00000000000000000000,-1.42634679000000000000,1147.05612371000000000000,OPEN,efd4c071-b751-a4ad-2365-485f4d848365,ec940dda-0279-e09d-18de-907171b659cc,2026-01-28 06:00:00.462
USDT,COINAUSDT,TRADE,SELL,21.35900000000000000000,0.00000000000000000000,95.06000000000000000000,0.00000000000000000000,-1.11671260000000000000,-70.69829000000000000000,-71.81500260000000000000,1148.23661005000000000000,CLOSE,ef5e64aa-872d-5ca5-2bde-84b30c01e271,1e88f96b-0564-492b-6324-27f61a7d6881,2026-01-27 03:00:00.009
USDT,COINAUSDT,TRADE,BUY,21.35900000000000000000,21.35900000000000000000,98.37000000000000000000,0.00000000000000000000,-1.15559666000000000000,0.00000000000000000000,-1.15559666000000000000,1220.05161265000000000000,OPEN,e28ad072-967d-4e02-d84d-486189e7196b,c61d93fa-60d6-15e1-ab99-c8a8fc684d97,2026-01-27 00:00:00.213
USDT,COINCUSDT,TRADE,BUY,3111.00000000000000000000,0.00000000000000000000,0.38168000000000000000,0.00000000000000000000,-0.65307356000000000000,0.27999000000000000000,-0.37308356000000000000,1221.20720931000000000000,CLOSE,30b64410-886f-7881-8b1e-5670b04f1dc5,edfc0dbe-97ff-e0fd-0335-0c7fd0dda7c4,2026-01-25 22:00:00.299
USDT,COINCUSDT,SETTLEMENT,SELL,0.00000000000000000000,-3111.00000000000000000000,0.38176891000000000000,0.06898634000000000000,0.00000000000000000000,0.00000000000000000000,0.06898634000000000000,1221.81783016000000000000,SETTLEMENT,ec88db74-d8b1-6d23-22c0-3987081d1695,297b7cae-cb68-a0bf-4686-0dced6dca778,2026-01-25 16:00:00.332
USDT,COINCUSDT,SETTLEMENT,SELL,0.00000000000000000000,-3111.00000000000000000000,0.38176891000000000000,0.00829749000000000000,0.00000000000000000000,0.00000000000000000000,0.00829749000000000000,1221.74884383000000000000,SETTLEMENT,dbacfdeb-67d4-a598-a652-999f45ad8b60,402e0c8b-e388-67d5-c0f5-357fa6256623,2026-01-25 08:00:00.271
USDT,COINCUSDT,SETTLEMENT,SELL,0.00000000000000000000,-3111.00000000000000000000,0.38176891000000000000,0.00556785000000000000,0.00000000000000000000,0.00000000000000000000,0.00556785000000000000,1221.74054634000000000000,SETTLEMENT,b203398b-cecd-1343-df75-6bb3808e9035,5c9db5fa-6f42-da3b-39a3-70a86a9000cf,2026-01-25 00:00:00.161
USDT,COINCUSDT,SETTLEMENT,SELL,0.00000000000000000000,-3111.00000000000000000000,0.38176891000000000000,0.09910604000000000000,0.00000000000000000000,0.00000000000000000000,0.09910604000000000000,1221.73497848000000000000,SETTLEMENT,ddd8e004-2765-b43f-f6f4-557018ae6dcf,dba588de-535e-ad08-6e09-f6aa9719d921,2026-01-24 16:00:00.975
COINA,COINAUSDT,TRADE,BUY,0.80400000000000000000,0.00000000000000000000,106.33000000000000000000,0.00000000000000000000,-0.00080400000000000000,0.80400000000000000000,0.80319600000000000000,529.68360228000000000000,--,3063621822821077305,2237227946700752610,2026-01-24 12:18:06.374
USDT,COINAUSDT,TRADE,BUY,-85.48932000000000000000,0.00000000000000000000,106.33000000000000000000,0.00000000000000000000,0.00000000000000000000,-85.48932000000000000000,-85.48932000000000000000,2408.33144747000000000000,--,3063621822821077305,2237227946700752610,2026-01-24 12:18:06.483
USDT,COINCUSDT,TRADE,SELL,3111.00000000000000000000,-3111.00000000000000000000,0.38177000000000000000,0.00000000000000000000,-0.23753729000000000000,0.00000000000000000000,-0.23753729000000000000,1221.58029287000000000000,OPEN,fa7ed607-2627-f55b-fc1e-257b0900bafa,e84fa4a5-7b0b-af3a-aad8-ad0a0ecb298e,2026-01-24 11:00:00.593
USDT,COINAUSDT,TRADE,BUY,22.36600000000000000000,0.00000000000000000000,100.24000000000000000000,0.00000000000000000000,-1.23308231000000000000,21.02404000000000000000,19.79095769000000000000,1221.63587244000000000000,CLOSE,91a81868-77ac-cab2-9d70-78c07d7cd37c,26b6294f-0089-f22a-8c9a-d5aa381fb010,2026-01-23 22:00:00.133
COINA,COINAUSDT,TRADE,BUY,3.98500000000000000000,0.00000000000000000000,104.14000000000000000000,0.00000000000000000000,-0.00398500000000000000,3.98500000000000000000,3.98101500000000000000,92.36777709000000000000,--,8342613446706221496,2289831762051346158,2026-01-23 18:31:38.404
USDT,COINAUSDT,TRADE,BUY,-414.99790000000000000000,0.00000000000000000000,104.14000000000000000000,0.00000000000000000000,0.00000000000000000000,-414.99790000000000000000,-414.99790000000000000000,1473.92228423000000000000,--,8342613446706221496,2289831762051346158,2026-01-23 18:31:38.013
USDT,COINAUSDT,SETTLEMENT,SELL,0.00000000000000000000,-22.36600000000000000000,101.17712693000000000000,0.22498738000000000000,0.00000000000000000000,0.00000000000000000000,0.22498738000000000000,1203.08956029000000000000,SETTLEMENT,48dbfba4-da11-8250-d503-0f47a7adc7c3,a5674afd-56b8-3ebb-77c4-b7c6c63a2fa3,2026-01-23 16:00:00.074
USDT,COINAUSDT,SETTLEMENT,SELL,0.00000000000000000000,-22.36600000000000000000,101.17712693000000000000,0.00889695000000000000,0.00000000000000000000,0.00000000000000000000,0.00889695000000000000,1202.86457291000000000000,SETTLEMENT,a91be286-a56e-e860-e6cb-6a0e51a704e4,248d7b8d-4c5a-3cc0-ab80-74b566692499,2026-01-23 08:00:00.647
USDT,COINAUSDT,SETTLEMENT,SELL,0.00000000000000000000,-22.36600000000000000000,101.17712693000000000000,0.09327364000000000000,0.00000000000000000000,0.00000000000000000000,0.09327364000000000000,1202.85567597000000000000,SETTLEMENT,2a6b06dc-28d9-cd4c-19c2-da85c2c64894,50320bf7-9ef8-1058-d5d1-145225da5165,2026-01-23 00:00:00.303
USDT,COINAUSDT,SETTLEMENT,SELL,0.00000000000000000000,-22.36600000000000000000,101.17712693000000000000,0.11567491000000000000,0.00000000000000000000,0.00000000000000000000,0.11567491000000000000,1202.76240233000000000000,SETTLEMENT,c52b309b-1663-2170-7554-a3f6ba8d0834,665db607-1f46-a44a-2cdf-124bebcdecde,2026-01-22 16:00:00.912
USDT,COINAUSDT,TRADE,SELL,22.36600000000000000000,-22.36600000000000000000,101.18000000000000000000,0.00000000000000000000,-1.24464553000000000000,0.00000000000000000000,-1.24464553000000000000,1201.84491476000000000000,OPEN,36479f0c-af95-e02d-3aa6-071f5174c663,e698a895-fa58-2855-dee3-582697493220,2026-01-22 14:00:00.536
USDT,COINBUSDT,TRADE,SELL,278.60000000000000000000,0.00000000000000000000,2.55920000000000000000,0.00000000000000000000,-0.39214622000000000000,1.64374000000000000000,1.25159378000000000000,1202.64672742000000000000,CLOSE,8e4eea22-5626-341b-1ce5-46c618082348,e9a871d7-08d8-72ed-67cf-4c851989c58a,2026-01-21 23:00:00.151
USDT,COINBUSDT,SETTLEMENT,BUY,0.00000000000000000000,278.60000000000000000000,2.55334066000000000000,-0.07666482000000000000,0.00000000000000000000,0.00000000000000000000,-0.07666482000000000000,1201.78637579000000000000,SETTLEMENT,a8b1f909-4155-06cb-74d5-f8643fe23c58,b7e7b487-c570-1b3b-1807-b36b3c8a66c0,2026-01-21 16:00:00.644
USDT,COINBUSDT,SETTLEMENT,BUY,0.00000000000000000000,278.60000000000000000000,2.55334066000000000000,-0.06788476000000000000,0.00000000000000000000,0.00000000000000000000,-0.06788476000000000000,1201.86304061000000000000,SETTLEMENT,da562761-8809-fcbe-d9db-75e6f8a5b2cd,36856007-9995-bd24-09f3-926d25695093,2026-01-21 08:00:00.887
USDT,COINBUSDT,SETTLEMENT,BUY,0.00000000000000000000,278.60000000000000000000,2.55334066000000000000,-0.06411896000000000000,0.00000000000000000000,0.00000000000000000000,-0.06411896000000000000,1201.93092537000000000000,SETTLEMENT,f25aa045-ac96-7bae-5e82-881c945e5f37,65481ab5-d136-41e1-c102-9ed5e3cc22c1,2026-01-21 00:00:00.832
USDT,COINBUSDT,TRADE,BUY,278.60000000000000000000,278.60000000000000000000,2.55330000000000000000,0.00000000000000000000,-0.39124216000000000000,0.00000000000000000000,-0.39124216000000000000,1201.39513363000000000000,OPEN,026dfb12-3e7e-75d0-5e0b-ab8d75ce744c,28ed73e3-8350-f645-2dca-aca1a0aea143,2026-01-20 16:00:00.656
USDT,COINCUSDT,TRADE,BUY,1331.00000000000000000000,0.00000000000000000000,0.38753000000000000000,0.00000000000000000000,-0.28369134000000000000,5.98950000000000000000,5.70580866000000000000,1201.99504434000000000000,CLOSE,735128b4-8495-ae83-2799-853ba2993166,8d56b3e0-2d45-e4eb-2faf-caa9a149d62b,2026-01-19 17:00:00.525
USDT,COINCUSDT,SETTLEMENT,SELL,0.00000000000000000000,-1331.00000000000000000000,0.39203203000000000000,0.00931243000000000000,0.00000000000000000000,0.00000000000000000000,0.00931243000000000000,1196.57622124000000000000,SETTLEMENT,ff443478-376d-aa97-5079-0d3746008387,8882f830-f50a-9c39-5e44-9c21c7683ccd,2026-01-19 16:00:00.140
USDT,COINCUSDT,SETTLEMENT,SELL,0.00000000000000000000,-1331.00000000000000000000,0.39203203000000000000,0.04435855000000000000,0.00000000000000000000,0.00000000000000000000,0.04435855000000000000,1196.56690881000000000000,SETTLEMENT,1f1e1514-17d0-4535-2548-1827d73b5c12,b8060282-d227-1030-4cf7-84eba20a9606,2026-01-19 08:00:00.642
USDT,COINCUSDT,SETTLEMENT,SELL,0.00000000000000000000,-1331.00000000000000000000,0.39203203000000000000,0.00424713000000000000,0.00000000000000000000,0.00000000000000000000,0.00424713000000000000,1196.52255026000000000000,SETTLEMENT,f53216b5-499f-c1f2-40e5-a24392c7c725,1c97eb1f-4dde-195f-7585-22199a108433,2026-01-19 00:00:00.226
USDT,COINCUSDT,TRADE,SELL,1331.00000000000000000000,-1331.00000000000000000000,0.39203000000000000000,0.00000000000000000000,-0.28698556000000000000,0.00000000000000000000,-0.28698556000000000000,1196.28923567000000000000,OPEN,2b931063-b965-4de3-4948-458ac36995a0,eb0f61a4-a793-9561-cbc1-d0053a232d82,2026-01-18 17:00:00.179
USDT,COINAUSDT,TRADE,BUY,24.03000000000000000000,0.00000000000000000000,103.66000000000000000000,0.00000000000000000000,-1.37002239000000000000,-2.64330000000000000000,-4.01332239000000000000,1196.51830313000000000000,CLOSE,f88f1a1d-5e5a-b585-6a00-a68350f22583,a17e5768-5a3a-9af7-0be6-e24391476db2,2026-01-18 07:00:00.796
USDT,COINAUSDT,SETTLEMENT,SELL,0.00000000000000000000,-24.03000000000000000000,103.54673964000000000000,0.10774283000000000000,0.00000000000000000000,0.00000000000000000000,0.10774283000000000000,1201.90019410000000000000,SETTLEMENT,a2c0f673-c926-8f7e-3cdf-028a6a248484,a97f9d9e-31d3-96e0-206d-2b1706f35c71,2026-01-18 00:00:00.847
USDT,COINAUSDT,TRADE,SELL,24.03000000000000000000,-24.03000000000000000000,103.55000000000000000000,0.00000000000000000000,-1.36856858000000000000,0.00000000000000000000,-1.36856858000000000000,1200.53162552000000000000,OPEN,7c4876b4-a65f-f77c-8d24-de88a4557a89,5c50944b-db8b-ded9-7b40-084895a14a23,2026-01-17 20:00:00.114
USDT,COINCUSDT,TRADE,BUY,5261.00000000000000000000,0.00000000000000000000,0.39257000000000000000,0.00000000000000000000,-1.13592092000000000000,29.61943000000000000000,28.48350908000000000000,1201.79245127000000000000,CLOSE,e3264a38-88c6-84b4-71f6-45b19e77c06f,4cafb0e5-909e-21aa-3f85-be1a77412f35,2026-01-17 00:00:00.416
USDT,COINCUSDT,SETTLEMENT,SELL,0.00000000000000000000,-5261.00000000000000000000,0.39819960000000000000,0.16313658000000000000,0.00000000000000000000,0.00000000000000000000,0.16313658000000000000,1174.46115380000000000000,SETTLEMENT,be1874e0-ac18-fd6a-23c5-8350c0367f88,e4337878-03ed-c15a-2daf-2ecc37558d50,2026-01-16 16:00:00.350
USDT,COINCUSDT,TRADE,SELL,5261.00000000000000000000,-5261.00000000000000000000,0.39820000000000000000,0.00000000000000000000,-1.15221161000000000000,0.00000000000000000000,-1.15221161000000000000,1173.30894219000000000000,OPEN,8c544f5f-df80-ae65-8b57-97bb91ca0904,8087e955-306b-b66f-5d76-3a78b5eb843b,2026-01-16 10:00:00.715
USDT,COINBUSDT,LIQUIDATION,SELL,429.10000000000000000000,0.00000000000000000000,2.29840000000000000000,0.00000000000000000000,-0.54243389000000000000,-97.53443000000000000000,-98.07686389000000000000,1174.29801722000000000000,CLOSE,25865ef6-a183-de0f-b8c9-2f27fcf167aa,c42270b0-9a33-d1f3-ab0a-7afc84da236c,2026-01-15 12:00:00.465
USDT,COINBUSDT,SETTLEMENT,BUY,0.00000000000000000000,429.10000000000000000000,2.52574371000000000000,-0.09168767000000000000,0.00000000000000000000,0.00000000000000000000,-0.09168767000000000000,1272.97095894000000000000,SETTLEMENT,25517f1f-a99e-3922-53f1-73c3ed69c90d,011719e2-d982-727c-8d70-ec29de325dda,2026-01-15 08:00:00.214
USDT,COINBUSDT,SETTLEMENT,BUY,0.00000000000000000000,429.10000000000000000000,2.52574371000000000000,-0.02325340000000000000,0.00000000000000000000,0.00000000000000000000,-0.02325340000000000000,1273.06264661000000000000,SETTLEMENT,e089fa77-c6a3-38a4-e952-0d2516ad94b7,d7779fa8-d77d-541f-5d70-1f0992138c22,2026-01-15 00:00:00.164
USDT,COINBUSDT,SETTLEMENT,BUY,0.00000000000000000000,429.10000000000000000000,2.52574371000000000000,-0.07418325000000000000,0.00000000000000000000,0.00000000000000000000,-0.07418325000000000000,1273.08590001000000000000,SETTLEMENT,ebf5c404-0201-d80e-f075-9c0b63ea4e01,9b983a99-e555-f1da-b36e-5207edf84b2a,2026-01-14 16:00:00.562
USDT,COINBUSDT,TRADE,BUY,429.10000000000000000000,429.10000000000000000000,2.52570000000000000000,0.00000000000000000000,-0.59607783000000000000,0.00000000000000000000,-0.59607783000000000000,1272.37488111000000000000,OPEN,1a2274f5-9a2d-1411-4526-c683924759e9,aa3c4459-414c-fabb-d676-3bf8b150aafd,2026-01-14 14:00:00.256
COINB,COINBUSDT,TRADE,SELL,-181.50000000000000000000,0.00000000000000000000,2.57420000000000000000,0.00000000000000000000,0.00000000000000000000,-181.50000000000000000000,-181.50000000000000000000,231.04184470000000000000,--,2203753800309294555,2289648632722534694,2026-01-13 22:19:39.512
USDT,COINBUSDT,TRADE,SELL,467.21730000000000000000,0.00000000000000000000,2.57420000000000000000,0.00000000000000000000,-0.46721730000000000000,467.21730000000000000000,466.75008270000000000000,2419.76845073000000000000,--,2203753800309294555,2289648632722534694,2026-01-13 22:19:39.566
USDT,COINBUSDT,TRADE,BUY,457.50000000000000000000,0.00000000000000000000,2.52670000000000000000,0.00000000000000000000,-0.63578089000000000000,-7.04550000000000000000,-7.68128089000000000000,1273.16008326000000000000,CLOSE,82d8d621-e1e6-8773-57b4-81bee52efdf5,4d494d0e-2d44-609a-1854-1b703968e188,2026-01-13 11:00:00.938
USDT,COINBUSDT,SETTLEMENT,SELL,0.00000000000000000000,-457.50000000000000000000,2.51127664000000000000,-0.00377079000000000000,0.00000000000000000000,0.00000000000000000000,-0.00377079000000000000,1281.47327001000000000000,SETTLEMENT,2cec13e9-9bd7-d026-b9ea-d8e76b2d879d,18fa01a3-c832-e5ee-6a9e-1b3a0cb0d03e,2026-01-13 08:00:00.250
USDT,COINBUSDT,TRADE,SELL,457.50000000000000000000,-457.50000000000000000000,2.51130000000000000000,0.00000000000000000000,-0.63190586000000000000,0.00000000000000000000,-0.63190586000000000000,1280.84136415000000000000,OPEN,2d315ab6-c563-6b90-4cdb-a6cc03ac046a,69923f9d-af6d-3663-e882-51f301a619eb,2026-01-13 03:00:00.109
USDT,COINCUSDT,TRADE,SELL,6111.00000000000000000000,0.00000000000000000000,0.38999000000000000000,0.00000000000000000000,-1.31077589000000000000,-62.02665000000000000000,-63.33742589000000000000,1281.47704080000000000000,CLOSE,4efa7b99-5ed0-b1fb-5bf2-315db7e33a33,481f939b-39df-701b-740d-a5825821ee84,2026-01-12 14:00:00.886
USDT,COINCUSDT,SETTLEMENT,BUY,0.00000000000000000000,6111.00000000000000000000,0.40013716000000000000,-0.22504270000000000000,0.00000000000000000000,0.00000000000000000000,-0.22504270000000000000,1346.15935724000000000000,SETTLEMENT,9c8bca97-2d54-844c-b894-86125b83dfac,73dbd515-9f59-0a45-44a7-fcbea4d159c2,2026-01-12 08:00:00.186
USDT,COINCUSDT,SETTLEMENT,BUY,0.00000000000000000000,6111.00000000000000000000,0.40013716000000000000,0.05724093000000000000,0.00000000000000000000,0.00000000000000000000,0.05724093000000000000,1346.38439994000000000000,SETTLEMENT,978263d6-414a-a2c0-4842-b79a5448937e,891f3059-26e9-6f18-957d-5c6afd731641,2026-01-12 00:00:00.007
USDT,COINCUSDT,SETTLEMENT,BUY,0.00000000000000000000,6111.00000000000000000000,0.40013716000000000000,-0.16236001000000000000,0.00000000000000000000,0.00000000000000000000,-0.16236001000000000000,1346.32715900000000000000,SETTLEMENT,be20b997-2966-41f4-1c51-ec5941b5951b,ed59eb9a-d77e-6d03-9fdc-e343e3784ab5,2026-01-11 16:00:00.745
USDT,COINCUSDT,SETTLEMENT,BUY,0.00000000000000000000,6111.00000000000000000000,0.40013716000000000000,-0.28279697000000000000,0.00000000000000000000,0.00000000000000000000,-0.28279697000000000000,1346.48951901000000000000,SETTLEMENT,d56fafba-3771-ba04-2db4-596936c2646c,75a79fa4-b0f1-9303-af45-63cf22a42ab3,2026-01-11 08:00:00.088
USDT,COINCUSDT,TRADE,BUY,6111.00000000000000000000,6111.00000000000000000000,0.40014000000000000000,0.00000000000000000000,-1.34489055000000000000,0.00000000000000000000,-1.34489055000000000000,1344.81446669000000000000,OPEN,59874a29-1c13-2aab-0f11-254daf51231a,24d93c33-1af3-1815-a82e-4b81ca0e3763,2026-01-11 00:00:00.100
USDT,COINAUSDT,TRADE,BUY,4.87800000000000000000,0.00000000000000000000,100.64000000000000000000,0.00000000000000000000,-0.27000706000000000000,11.95110000000000000000,11.68109294000000000000,1346.77231598000000000000,CLOSE,c946ba9f-fc27-866a-6e34-883fb6bc8ac7,b4533f60-1ac9-220d-73d2-d7113ee1f921,2026-01-10 02:00:00.405
USDT,COINAUSDT,SETTLEMENT,SELL,0.00000000000000000000,-4.87800000000000000000,103.09100804000000000000,0.00888223000000000000,0.00000000000000000000,0.00000000000000000000,0.00888223000000000000,1335.36780320000000000000,SETTLEMENT,075dfea9-bb41-74d7-326c-6e95b0d72cef,e55d9076-c811-838e-e397-760c944f816c,2026-01-10 00:00:00.047
USDT,COINAUSDT,TRADE,SELL,4.87800000000000000000,-4.87800000000000000000,103.09000000000000000000,0.00000000000000000000,-0.27658016000000000000,0.00000000000000000000,-0.27658016000000000000,1335.09122304000000000000,OPEN,72ae4e62-4621-4d90-7d54-4ce2d140d97f,e509c110-efd6-cefa-d5d1-ee76609cb552,2026-01-09 20:00:00.073
USDT,COINCUSDT,TRADE,BUY,1206.00000000000000000000,0.00000000000000000000,0.40664000000000000000,0.00000000000000000000,-0.26972431000000000000,-13.50720000000000000000,-13.77692431000000000000,1335.35892097000000000000,CLOSE,57502bcc-9214-853b-e3e6-468f958afdbb,856d3f84-c0bb-1742-1960-3f967896e48e,2026-01-09 17:00:00.814
USDT,COINCUSDT,SETTLEMENT,SELL,0.00000000000000000000,-1206.00000000000000000000,0.39543662000000000000,0.03084751000000000000,0.00000000000000000000,0.00000000000000000000,0.03084751000000000000,1349.23122541000000000000,SETTLEMENT,7c49c553-cf17-7f83-e5aa-77b7ce12c64f,299ff3b4-5209-1dd9-d949-17172a7d418f,2026-01-09 16:00:00.632
USDT,COINCUSDT,SETTLEMENT,SELL,0.00000000000000000000,-1206.00000000000000000000,0.39543662000000000000,-0.01711182000000000000,0.00000000000000000000,0.00000000000000000000,-0.01711182000000000000,1349.20037790000000000000,SETTLEMENT,4aaf4fcb-f7f1-adc0-bab4-fd394055a05f,a22316ad-30b5-b4d3-54f7-f65b71d7b906,2026-01-09 08:00:00.510
USDT,COINCUSDT,TRADE,SELL,1206.00000000000000000000,-1206.00000000000000000000,0.39544000000000000000,0.00000000000000000000,-0.09538013000000000000,0.00000000000000000000,-0.09538013000000000000,1349.13584529000000000000,OPEN,2c133c09-fc4f-2c52-150c-888bc4ec45e8,c98f8000-390b-581f-b6c6-894e547ee315,2026-01-09 05:00:00.250
COINA,COINAUSDT,TRADE,SELL,-3.89100000000000000000,0.00000000000000000000,102.76000000000000000000,0.00000000000000000000,0.00000000000000000000,-3.89100000000000000000,-3.89100000000000000000,413.57967225000000000000,--,2821686418150473332,2292183765092286846,2026-01-08 19:00:08.054
USDT,COINAUSDT,TRADE,SELL,399.83916000000000000000,0.00000000000000000000,102.76000000000000000000,0.00000000000000000000,-0.39983916000000000000,399.83916000000000000000,399.43932084000000000000,1497.31313328000000000000,--,2821686418150473332,2292183765092286846,2026-01-08 19:00:08.131
USDT,COINCUSDT,TRADE,SELL,2783.00000000000000000000,0.00000000000000000000,0.40212000000000000000,0.00000000000000000000,-0.61550498000000000000,-7.56976000000000000000,-8.18526498000000000000,1349.21748973000000000000,CLOSE,8004809a-e845-e601-856a-efbd6e824b18,97b7f579-c122-2961-1640-67d8c2d4f193,2026-01-08 03:00:00.214
USDT,COINCUSDT,SETTLEMENT,BUY,0.00000000000000000000,2783.00000000000000000000,0.40484286000000000000,-0.13434447000000000000,0.00000000000000000000,0.00000000000000000000,-0.13434447000000000000,1357.62808865000000000000,SETTLEMENT,a84a99bd-97c6-c3c3-244d-2d6cb8cfc812,e6119d90-8b42-d2fb-6a0f-2bb928baca89,2026-01-08 00:00:00.508
USDT,COINCUSDT,SETTLEMENT,BUY,0.00000000000000000000,2783.00000000000000000000,0.40484286000000000000,-0.00995283000000000000,0.00000000000000000000,0.00000000000000000000,-0.00995283000000000000,1357.76243312000000000000,SETTLEMENT,7ff6d82b-8620-fab2-e351-e1087f4a2d6c,378c72db-549b-12cf-1a93-462db87c4f56,2026-01-07 16:00:00.753
USDT,COINCUSDT,SETTLEMENT,BUY,0.00000000000000000000,2783.00000000000000000000,0.40484286000000000000,-0.11793592000000000000,0.00000000000000000000,0.00000000000000000000,-0.11793592000000000000,1357.77238595000000000000,SETTLEMENT,81a07ec9-90a1-5545-f239-bda25c450e58,4b29400c-d6d4-6236-0b43-192b69f1fcd9,2026-01-07 08:00:00.943
USDT,COINCUSDT,SETTLEMENT,BUY,0.00000000000000000000,2783.00000000000000000000,0.40484286000000000000,-0.12769110000000000000,0.00000000000000000000,0.00000000000000000000,-0.12769110000000000000,1357.89032187000000000000,SETTLEMENT,a6cd5c7b-1e7c-b045-974a-986542b77088,09b88be0-1953-07b4-f918-a9dc6c41f2da,2026-01-07 00:00:00.289
USDT,COINCUSDT,TRADE,BUY,2783.00000000000000000000,2783.00000000000000000000,0.40484000000000000000,0.00000000000000000000,-0.22533394000000000000,0.00000000000000000000,-0.22533394000000000000,1357.40275470000000000000,OPEN,dc6557d0-ac63-d79f-5a91-bd0e437cd5ab,015c96f9-f6cb-77a8-95a7-60b9a3f7f382,2026-01-06 22:00:00.102
USDT,COINAUSDT,TRADE,BUY,20.35900000000000000000,0.00000000000000000000,101.95000000000000000000,0.00000000000000000000,-1.14158003000000000000,-27.28106000000000000000,-28.42264003000000000000,1358.01801296000000000000,CLOSE,86e4a812-c01b-39f6-7d87-4e02f90a0dfb,b2da130d-8b13-d2a3-c35b-10116506f34b,2026-01-06 10:00:00.025
USDT,COINAUSDT,SETTLEMENT,SELL,0.00000000000000000000,-20.35900000000000000000,100.60865914000000000000,0.12148360000000000000,0.00000000000000000000,0.00000000000000000000,0.12148360000000000000,1387.56722844000000000000,SETTLEMENT,6d68c69f-1515-7db5-53fe-0661f03ebf9c,5966365a-3faf-edc1-4a66-0aefda31a4ad,2026-01-06 08:00:00.082
USDT,COINAUSDT,SETTLEMENT,SELL,0.00000000000000000000,-20.35900000000000000000,100.60865914000000000000,-0.05178363000000000000,0.00000000000000000000,0.00000000000000000000,-0.05178363000000000000,1387.44574484000000000000,SETTLEMENT,e7b1a2e6-f3e2-5c2d-d218-588baff1b090,acd9636b-9050-fe31-19d7-5e1ee35e7431,2026-01-06 00:00:00.946
USDT,COINAUSDT,SETTLEMENT,SELL,0.00000000000000000000,-20.35900000000000000000,100.60865914000000000000,-0.06501710000000000000,0.00000000000000000000,0.00000000000000000000,-0.06501710000000000000,1387.49752846000000000000,SETTLEMENT,1a148c95-1085-3204-2603-044b265a5c02,126a9d99-a6c1-2ddf-d372-d426973c9cb2,2026-01-05 16:00:00.084
COINA,COINAUSDT,TRADE,SELL,-3.53000000000000000000,0.00000000000000000000,106.52000000000000000000,0.00000000000000000000,0.00000000000000000000,-3.53000000000000000000,-3.53000000000000000000,676.06431604000000000000,--,1711718461638064294,2235054993594688095,2026-01-05 14:06:01.505
USDT,COINAUSDT,TRADE,SELL,376.01560000000000000000,0.00000000000000000000,106.52000000000000000000,0.00000000000000000000,-0.37601560000000000000,376.01560000000000000000,375.63958440000000000000,2186.44851187000000000000,--,1711718461638064294,2235054993594688095,2026-01-05 14:06:01.412
USDT,COINAUSDT,TRADE,SELL,20.35900000000000000000,-20.35900000000000000000,100.61000000000000000000,0.00000000000000000000,-1.12657544000000000000,0.00000000000000000000,-1.12657544000000000000,1386.44065299000000000000,OPEN,edb7fd69-75bc-9122-03b2-ed043b768cfb,cad001c3-700e-0c2a-ad2c-4d56de2dfdc2,2026-01-05 10:00:00.111
USDT,COINAUSDT,TRADE,SELL,18.84100000000000000000,0.00000000000000000000,98.48000000000000000000,0.00000000000000000000,-1.02050392000000000000,-13.18870000000000000000,-14.20920392000000000000,1387.56254557000000000000,CLOSE,1e806eeb-5491-9a46-bb55-27a31e737ba4,855c95aa-2e29-ac10-5600-0f42a530b433,2026-01-04 21:00:00.501
USDT,COINAUSDT,TRADE,BUY,18.84100000000000000000,18.84100000000000000000,99.18000000000000000000,0.00000000000000000000,-1.02775771000000000000,0.00000000000000000000,-1.02775771000000000000,1401.77174949000000000000,OPEN,8a329cd5-8d16-ed64-9249-b8256f177202,bfbcfb26-815f-4265-da63-a0b178200bf2,2026-01-04 20:00:00.056
USDT,COINBUSDT,TRADE,BUY,715.10000000000000000000,0.00000000000000000000,2.55710000000000000000,0.00000000000000000000,-1.00572022000000000000,-47.55415000000000000000,-48.55987022000000000000,1402.79950720000000000000,CLOSE,487a4ceb-64e7-1de6-d9fd-70aa76eb806e,1351eae1-409d-25ba-c869-825a5d6d5e63,2026-01-04 10:00:00.024
USDT,COINBUSDT,SETTLEMENT,SELL,0.00000000000000000000,-715.10000000000000000000,2.49062911000000000000,0.04672838000000000000,0.00000000000000000000,0.00000000000000000000,0.04672838000000000000,1452.33894285000000000000,SETTLEMENT,52034fda-8203-00fe-af94-68269b4699ee,fb8b9184-e208-bc69-469e-912dd9274de8,2026-01-04 08:00:00.638
USDT,COINBUSDT,TRADE,SELL,715.10000000000000000000,-715.10000000000000000000,2.49060000000000000000,0.00000000000000000000,-0.97956543000000000000,0.00000000000000000000,-0.97956543000000000000,1451.35937741000000000000,OPEN,398fa231-0c8f-08a8-6c3e-9ccf64d227c7,2ce08fba-ae7f-1796-56cd-9dbee6890552,2026-01-04 07:00:00.452
USDT,COINAUSDT,TRADE,BUY,20.08100000000000000000,0.00000000000000000000,102.57000000000000000000,0.00000000000000000000,-1.13283949000000000000,-43.37496000000000000000,-44.50779949000000000000,1452.29221446000000000000,CLOSE,9308a7de-72cc-8929-1f77-cbde85cd7a80,1f12d24e-2ea0-817c-c94f-c1715d38c9ba,2026-01-03 11:00:00.758
USDT,COINAUSDT,SETTLEMENT,SELL,0.00000000000000000000,-20.08100000000000000000,100.41276743000000000000,-0.07064178000000000000,0.00000000000000000000,0.00000000000000000000,-0.07064178000000000000,1497.90899722000000000000,SETTLEMENT,e45b90d1-314d-c543-2b72-36a96f807b0e,bfa6b426-be78-fc31-1618-cced04e6f802,2026-01-03 08:00:00.156
USDT,COINAUSDT,SETTLEMENT,SELL,0.00000000000000000000,-20.08100000000000000000,100.41276743000000000000,0.15757105000000000000,0.00000000000000000000,0.00000000000000000000,0.15757105000000000000,1497.97963900000000000000,SETTLEMENT,ae8bbb19-0149-0992-b22d-2b17e44954bb,2e266172-a1b2-9df8-50bf-1f1207447fd3,2026-01-03 00:00:00.546
USDT,COINAUSDT,TRADE,SELL,20.08100000000000000000,-20.08100000000000000000,100.41000000000000000000,0.00000000000000000000,-1.10898327000000000000,0.00000000000000000000,-1.10898327000000000000,1496.80001396000000000000,OPEN,4bf649a2-0dfe-6b9f-059a-4778bb1753b7,6eaea20a-967b-b4da-bea4-fd4889e82d9f,2026-01-02 22:00:00.949
USDT,COINBUSDT,TRADE,BUY,308.50000000000000000000,0.00000000000000000000,2.48650000000000000000,0.00000000000000000000,-0.42189689000000000000,-1.63505000000000000000,-2.05694689000000000000,1497.82206795000000000000,CLOSE,f7e94f7f-3d26-b2ea-486f-ae3da9dc7ddf,d4bb2233-330a-6f36-bf8a-57998db1d638,2026-01-01 21:00:00.368
USDT,COINBUSDT,SETTLEMENT,SELL,0.00000000000000000000,-308.50000000000000000000,2.48119474000000000000,0.03686210000000000000,0.00000000000000000000,0.00000000000000000000,0.03686210000000000000,1500.03210488000000000000,SETTLEMENT,5a97e9ae-10b2-1311-d40f-6fc560855d05,ee5e6796-2b31-64f2-2b10-5a907059cf5b,2026-01-01 16:00:00.401
USDT,COINBUSDT,SETTLEMENT,SELL,0.00000000000000000000,-308.50000000000000000000,2.48119474000000000000,-0.00475723000000000000,0.00000000000000000000,0.00000000000000000000,-0.00475723000000000000,1499.99524277000000000000,SETTLEMENT,5473d9dd-e9b7-da15-b43b-707aec9f3f55,c539018c-7258-ae8b-ea6b-7f6c4420f437,2026-01-01 08:00:00.443
USDT,COINBUSDT,TRADE,SELL,308.50000000000000000000,-308.50000000000000000000,2.48120000000000000000,0.00000000000000000000,-0.15309004000000000000,0.00000000000000000000,-0.15309004000000000000,1499.87901484000000000000,OPEN,1285192b-8118-5394-5479-44c1f2586838,5d349d88-784b-96f6-872e-0a3c2313f682,2026-01-01 05:00:00.515
